🏆 FIFA WORLD CUP 2026 – FASE ELIMINATÓRIA (KNOCKOUT BRACKET),,,,,,,,
Calendário estruturado de acordo com o emparelhamento oficial da FIFA (Jogos 73 a 104),,,,,,,,

Fase,Nº Jogo,Data,Dia,Jogo,Golos Casa, - ,Golos Fora,Local / Estádio
32 avos de final,Jogo 73,28/06/2026,Domingo, África do Sul x Canadá,,-,,Los Angeles Stadium
32 avos de final,Jogo 74,29/06/2026,Segunda,Alemanha x Paraguai,,-,,Boston Stadium
32 avos de final,Jogo 75,29/06/2026,Segunda,Países Baixos x Marrocos,,-,,Estadio Monterrey
32 avos de final,Jogo 76,29/06/2026,Segunda,Brasil x Japão,,-,,Houston Stadium
32 avos de final,Jogo 77,30/06/2026,Terça,França x Suécia,,-,,New York New Jersey Stadium
32 avos de final,Jogo 78,30/06/2026,Terça,Costa do Marfim x Noruega,,-,,Dallas Stadium
32 avos de final,Jogo 79,30/06/2026,Terça,México x Equador ,,-,,Estadio Azteca (México City)
32 avos de final,Jogo 80,30/06/2026,Terça,Inglaterra x Republica do Congo,,-,,Atlanta Stadium
32 avos de final,Jogo 81,01/07/2026,Quarta,EUA x Bosnia Herzegovina,,-,,San Francisco Bay Area Stadium
32 avos de final,Jogo 82,01/07/2026,Quarta,Bélgica x Senegal,,-,,Seattle Stadium
32 avos de final,Jogo 83,02/07/2026,Quinta,Portugal x Croácia,,-,,Toronto Stadium
32 avos de final,Jogo 84,02/07/2026,Quinta,Espanha x Austria,,-,,Los Angeles Stadium
32 avos de final,Jogo 85,02/07/2026,Quinta,Suíça x Argélia,,-,,BC Place Vancouver
32 avos de final,Jogo 86,03/07/2026,Sexta,Argentina x Cabo Verde,,-,,Miami Stadium
32 avos de final,Jogo 87,03/07/2026,Sexta,Colombia x Gana,,-,,Kansas City Stadium
32 avos de final,Jogo 88,03/07/2026,Sexta,Austrália x Egito,,-,,Dallas Stadium
Oitavos de final,Jogo 89,04/07/2026,Sábado,17:00,Paraguai x França,,-,,Philadelphia Stadium
Oitavos de final,Jogo 90,04/07/2026,Sábado,21:00,Canadá x Marrocos,,-,,Houston Stadium
Oitavos de final,Jogo 91,05/07/2026,Domingo,17:00,Brasil x Noruega,,-,,New York New Jersey Stadium
Oitavos de final,Jogo 92,05/07/2026,Domingo,21:00,México x Inglaterra,,-,,Mexico City Stadium
Oitavos de final,Jogo 93,06/07/2026,Segunda,17:00,Portugal x Espanha,,-,,Dallas Stadium
Oitavos de final,Jogo 94,06/07/2026,Segunda,21:00,Estados Unidos x Bélgica,,-,,Seattle Stadium
Oitavos de final,Jogo 95,07/07/2026,Terça,17:00,Vencedor Jogo 86 x Egito,,-,,Atlanta Stadium
Oitavos de final,Jogo 96,07/07/2026,Terça,21:00,Suíça x Vencedor Jogo 87,,-,,BC Place Vancouver
Quartos de final,Jogo 97,09/07/2026,Quinta,21:00,Vencedor Jogo 89 x Vencedor Jogo 90,,-,,Boston Stadium
Quartos de final,Jogo 98,10/07/2026,Sexta,21:00,Vencedor Jogo 91 x Vencedor Jogo 92,,-,,Los Angeles Stadium
Quartos de final,Jogo 99,11/07/2026,Sábado,17:00,Vencedor Jogo 95 x Vencedor Jogo 96,,-,,Miami Stadium
Quartos de final,Jogo 100,11/07/2026,Sábado,21:00,Vencedor Jogo 93 x Vencedor Jogo 94,,-,,Kansas City Stadium
Meias-finais,Jogo 101,14/07/2026,Terça,21:00,Vencedor Jogo 97 x Vencedor Jogo 98,,-,,Dallas Stadium
Meias-finais,Jogo 102,15/07/2026,Quarta,21:00,Vencedor Jogo 100 x Vencedor Jogo 99,,-,,Atlanta Stadium
3º e 4º Lugar,Jogo 103,18/07/2026,Sábado,21:00,Derrotado Jogo 101 x Derrotado Jogo 102,,-,,Miami Stadium
Final,Jogo 104,19/07/2026,Domingo,21:00,Vencedor Jogo 101 x Vencedor Jogo 102,,-,,New York New Jersey Stadium
